typology,n_attempts,fan_in,fan_out,gather_scatter,pass_through,scatter_gather,temporal_cycle,any_detector
BIPARTITE,49,0.02040816326530612,0.0,0.30612244897959184,0.10204081632653061,0.02040816326530612,0.3469387755102041,0.5510204081632653
CYCLE,54,0.0,0.0,0.3888888888888889,0.14814814814814814,0.0,0.5925925925925926,0.7777777777777778
FAN-IN,40,0.075,0.0,0.25,0.05,0.0,0.25,0.4
FAN-OUT,48,0.020833333333333332,0.2916666666666667,0.3333333333333333,0.041666666666666664,0.041666666666666664,0.2916666666666667,0.6666666666666666
GATHER-SCATTER,51,0.0392156862745098,0.2549019607843137,0.8431372549019608,0.0392156862745098,0.0,0.2549019607843137,0.9411764705882353
RANDOM,41,0.0,0.0,0.2926829268292683,0.024390243902439025,0.07317073170731707,0.3902439024390244,0.5853658536585366
SCATTER-GATHER,44,0.022727272727272728,0.2727272727272727,0.4090909090909091,0.09090909090909091,0.6363636363636364,0.3181818181818182,1.0
STACK,43,0.0,0.0,0.3488372093023256,0.046511627906976744,0.046511627906976744,0.32558139534883723,0.5116279069767442
ALL,370,0.021621621621621623,0.10540540540540541,0.40540540540540543,0.07027027027027027,0.0972972972972973,0.35135135135135137,0.6891891891891891
