grp,n,ill,rate_pct
Saudi Riyal,89014,374.0,0.42015862673287346
Euro,1168297,1372.0,0.11743589172958588
US Dollar,1895172,1912.0,0.10088794051410638
Yen,155209,155.0,0.09986534286027227
Australian Dollar,136769,127.0,0.09285729953425119
Canadian Dollar,140042,128.0,0.09140115108324647
Rupee,190202,167.0,0.08780139010105047
Yuan,213752,184.0,0.08608106590815524
Ruble,155178,133.0,0.08570802562218871
Mexican Peso,110159,92.0,0.08351564556686245
Swiss Franc,234860,193.0,0.08217661585625478
Brazil Real,70703,57.0,0.08061892706108652
UK Pound,180738,132.0,0.07303389436643097
Shekel,192184,95.0,0.04943179453024186
Bitcoin,146066,56.0,0.038338833130228796
