d,n,ill,rate_pct
2022-09-01,1114921,322.0,0.02888097004182359
2022-09-02,754449,408.0,0.05407920217271148
2022-09-03,207382,391.0,0.18854095340964983
2022-09-04,207430,407.0,0.19621076989827896
2022-09-05,482650,471.0,0.09758624261887497
2022-09-06,482089,531.0,0.11014563700893402
2022-09-07,482751,497.0,0.10295162516494011
2022-09-08,482773,539.0,0.11164667452405169
2022-09-09,654467,514.0,0.07853719133279448
2022-09-10,208325,442.0,0.2121684867394696
2022-09-11,396,232.0,58.58585858585859
2022-09-12,281,170.0,60.4982206405694
2022-09-13,184,106.0,57.608695652173914
2022-09-14,121,70.0,57.85123966942148
2022-09-15,46,28.0,60.86956521739131
2022-09-16,46,26.0,56.52173913043478
2022-09-17,23,15.0,65.21739130434783
2022-09-18,11,8.0,72.72727272727273
