pay_ccy,recv_ccy,n,rate
US Dollar,Euro,13043,0.8534000015344866
Euro,US Dollar,9501,1.1717834529790716
Yuan,US Dollar,5629,0.14930721351280496
US Dollar,Yuan,2486,6.697600000384149
US Dollar,Rupee,2273,73.44400000568325
US Dollar,Swiss Franc,2221,0.91500000076009
US Dollar,UK Pound,2041,0.774200035972792
US Dollar,Shekel,2012,3.3770000327455163
US Dollar,Yen,1995,105.40000001945317
US Dollar,Ruble,1921,77.80400000345217
UK Pound,US Dollar,1580,1.2916559047300158
US Dollar,Canadian Dollar,1298,1.3193000008047286
US Dollar,Australian Dollar,1239,1.4128000002117398
Yuan,Euro,1059,0.12741877718925454
Yen,US Dollar,955,0.009487666813824899
US Dollar,Mexican Peso,883,21.143100124082743
US Dollar,Saudi Riyal,781,3.7510999991115987
Rupee,US Dollar,729,0.013615817169108153
US Dollar,Brazil Real,720,5.646500015750221
Canadian Dollar,US Dollar,483,0.7579776737347159
Euro,Swiss Franc,407,1.0721818402153844
Yuan,Rupee,376,10.965719061174966
Euro,Canadian Dollar,365,1.5459339109805441
Euro,Yen,360,123.50597609821814
Yuan,UK Pound,342,0.11559354219428808
UK Pound,Euro,331,1.1022987846824122
Mexican Peso,US Dollar,282,0.047296755824915916
Euro,Shekel,281,3.9571127555997645
Euro,Rupee,270,86.06046384186946
Euro,Australian Dollar,268,1.6554956383270925
Yuan,Swiss Franc,248,0.13661610967286145
Euro,Yuan,235,7.84813725037778
Euro,Ruble,231,91.1694399376253
Euro,UK Pound,227,0.9071947499111557
Yuan,Ruble,219,11.616698535366513
Yuan,Canadian Dollar,194,0.1969809877833321
Euro,Mexican Peso,194,24.775134749005638
Yuan,Yen,193,15.736980469876894
Swiss Franc,US Dollar,170,1.092896174863388
Ruble,US Dollar,158,0.012852775632912147
Rupee,Euro,155,0.011619642139744738
Canadian Dollar,Euro,136,0.6468580117131041
Yuan,Australian Dollar,131,0.21094105026334808
Yen,Euro,130,0.0080967748040659
Yuan,Shekel,129,0.5042104476984909
UK Pound,Shekel,114,4.361922313805284
Australian Dollar,US Dollar,114,0.7078142296152534
Yuan,Mexican Peso,110,3.1568174137859395
Euro,Saudi Riyal,104,4.39547733425192
UK Pound,Australian Dollar,85,1.8248516909033397
Yen,Ruble,81,0.7381783760665619
UK Pound,Brazil Real,80,7.29333386127303
Brazil Real,US Dollar,70,0.17710090853099109
Mexican Peso,Euro,65,0.04036305116004875
Saudi Riyal,US Dollar,60,0.26658846778824696
UK Pound,Mexican Peso,58,27.309593005074408
Yuan,Brazil Real,56,0.8430632095967066
Ruble,Euro,52,0.010968586618212725
Australian Dollar,Euro,49,0.6040486910146582
UK Pound,Swiss Franc,46,1.1818651021321094
Canadian Dollar,Yuan,44,5.0766315467441245
Swiss Franc,Euro,44,0.9326783288361058
UK Pound,Saudi Riyal,43,4.845130083860442
Yuan,Saudi Riyal,42,0.5600666158239853
Yen,Shekel,40,0.032039848121120894
Mexican Peso,Swiss Franc,39,0.04328084243068303
Shekel,US Dollar,38,0.2961207275506742
Yen,Rupee,36,0.6968121408465641
Yen,Swiss Franc,35,0.00868122141908836
Yen,Yuan,35,0.06354459141548639
Rupee,Yen,35,1.435107168857865
Yen,Australian Dollar,33,0.013404156714555632
UK Pound,Canadian Dollar,33,1.7040829320842121
Yen,Mexican Peso,32,0.20059869844235073
Canadian Dollar,Australian Dollar,31,1.0708702788700604
Shekel,Euro,31,0.2527095570332128
Canadian Dollar,Swiss Franc,30,0.6935466199189219
Brazil Real,Euro,29,0.15113782168770554
Ruble,Yuan,28,0.0860810722178858
Yen,Canadian Dollar,27,0.0125170778053769
Rupee,UK Pound,26,0.010541053202059435
US Dollar,Bitcoin,25,8.415658757270796e-05
Mexican Peso,Shekel,24,0.15972119600203757
Canadian Dollar,Shekel,24,2.5596880392267507
UK Pound,Yen,24,136.14053213625985
Yen,UK Pound,24,0.0073607527697677946
Canadian Dollar,Brazil Real,23,4.2799213578602355
Rupee,Shekel,23,0.04598064803928904
UK Pound,Yuan,23,8.65099632117106
Australian Dollar,Shekel,23,2.3902891145865786
Swiss Franc,Shekel,23,3.6907103809371034
Rupee,Swiss Franc,22,0.012458462048060706
Rupee,Yuan,21,0.09119329071308566
Saudi Riyal,Euro,21,0.22750614359564125
Euro,Brazil Real,21,6.616475024840534
Australian Dollar,Swiss Franc,16,0.6476501514377719
Rupee,Ruble,16,1.0593649577780697
Mexican Peso,Yuan,15,0.3167751302668721
Ruble,Canadian Dollar,12,0.016956711127274416
Rupee,Brazil Real,12,0.07688185499231706
Euro,Bitcoin,11,9.861866758650967e-05
Mexican Peso,Bitcoin,9,3.980516677970282e-06
Rupee,Australian Dollar,9,0.019236435360726247
Rupee,Mexican Peso,8,0.2878806589911487
Mexican Peso,Yen,8,4.985076948058631
Rupee,Canadian Dollar,8,0.017963283079679298
UK Pound,Bitcoin,8,0.00010870535714285714
Ruble,Rupee,8,0.9439617496434778
Ruble,Brazil Real,8,0.07257164283959502
Mexican Peso,UK Pound,7,0.036617278793099
Yen,Saudi Riyal,7,0.035589143148832006
Brazil Real,Shekel,7,0.5980696110530048
Australian Dollar,Bitcoin,7,5.957033108980896e-05
Ruble,Australian Dollar,7,0.01815852628179907
Ruble,Swiss Franc,7,0.0117602551241576
Canadian Dollar,UK Pound,7,0.586827506961091
Brazil Real,Swiss Franc,7,0.16204915837567102
Shekel,Canadian Dollar,7,0.39067455215565267
Swiss Franc,Yuan,7,7.319784128892802
Saudi Riyal,Yuan,7,1.7855068957173967
Yen,Brazil Real,6,0.05357208622248845
Canadian Dollar,Rupee,6,55.668911532374096
Swiss Franc,UK Pound,6,0.8461204516525378
Australian Dollar,Saudi Riyal,6,2.6550818753980705
Canadian Dollar,Mexican Peso,6,16.026033930107108
Yuan,Bitcoin,6,1.2565867679151216e-05
UK Pound,Ruble,6,100.49604004270248
Ruble,Saudi Riyal,6,0.048212189910343144
Saudi Riyal,Bitcoin,6,2.2436409902263286e-05
Saudi Riyal,Australian Dollar,6,0.3766361848413742
Brazil Real,Bitcoin,6,1.4905196159709036e-05
Mexican Peso,Canadian Dollar,5,0.062393830441352716
Ruble,Yen,5,1.3546863277898826
Australian Dollar,Rupee,5,51.984716851406176
Swiss Franc,Ruble,5,85.03168182887141
Australian Dollar,Yen,4,74.6032987943322
Australian Dollar,UK Pound,4,0.547991390595728
Ruble,UK Pound,4,0.009950885237153848
Swiss Franc,Rupee,4,80.26667280635483
Swiss Franc,Bitcoin,4,9.19801597835911e-05
Shekel,Mexican Peso,4,6.26089977002683
Mexican Peso,Brazil Real,4,0.2670590542156377
Shekel,UK Pound,4,0.22924710264786025
UK Pound,Rupee,4,94.86439478117023
Canadian Dollar,Bitcoin,4,6.379426870976301e-05
Yen,Bitcoin,4,7.984976473045708e-07
Ruble,Mexican Peso,3,0.27174788293633345
Mexican Peso,Ruble,3,3.6798766521814077
Mexican Peso,Australian Dollar,3,0.06682087010687601
Swiss Franc,Australian Dollar,3,1.5440428760968379
Canadian Dollar,Yen,3,79.89080978115778
Swiss Franc,Mexican Peso,3,23.10716119503274
Ruble,Shekel,3,0.04340394293374484
Australian Dollar,Mexican Peso,3,14.965315408870344
Saudi Riyal,Mexican Peso,3,5.636505981309412
Saudi Riyal,Swiss Franc,2,0.2439284462687149
Swiss Franc,Canadian Dollar,2,1.441864254320501
Shekel,Rupee,2,21.748014506289966
Brazil Real,Canadian Dollar,2,0.23364919179557386
Shekel,Yuan,2,1.983298889982587
Shekel,Bitcoin,2,2.4921751362757162e-05
Brazil Real,Mexican Peso,2,3.7444564957794997
Brazil Real,UK Pound,2,0.13711150993545584
Swiss Franc,Yen,2,115.19122561414841
Shekel,Saudi Riyal,2,1.1107748787900957
Mexican Peso,Rupee,2,3.47366283657795
Saudi Riyal,Shekel,2,0.9002596794149709
Canadian Dollar,Ruble,2,58.9737157480987
Ruble,Bitcoin,2,1.0816984204713636e-06
Australian Dollar,Canadian Dollar,2,0.933819278584282
Brazil Real,Saudi Riyal,2,0.6643219726525946
Shekel,Australian Dollar,2,0.4183569409304392
Brazil Real,Rupee,1,13.00699400357374
Saudi Riyal,Canadian Dollar,1,0.3517100173339694
Mexican Peso,Saudi Riyal,1,0.17741469564724396
Rupee,Saudi Riyal,1,0.051074291188643296
Brazil Real,Yen,1,18.666407340457177
Swiss Franc,Brazil Real,1,6.1710563286552995
Brazil Real,Australian Dollar,1,0.25020906581301877
Saudi Riyal,Brazil Real,1,1.5052841992263415
Swiss Franc,Saudi Riyal,1,4.099562420732253
Shekel,Yen,1,31.21068395644667
Canadian Dollar,Saudi Riyal,1,2.8432496720034983
Brazil Real,Ruble,1,13.779156229229738
Brazil Real,Yuan,1,1.1861504535995697
Saudi Riyal,Rupee,1,19.579976626412158
Shekel,Swiss Franc,1,0.2709507215469584
