currency,usd_per_unit,via,n_obs,hops
Bitcoin,11882.611080636314,US Dollar,25,1
UK Pound,1.2916558428513731,US Dollar,2041,1
Euro,1.1717834523106563,US Dollar,13043,1
Swiss Franc,1.0928961739555196,US Dollar,2221,1
US Dollar,1.0,US Dollar,0,0
Canadian Dollar,0.7579777149928247,US Dollar,1298,1
Australian Dollar,0.707814269429592,US Dollar,1239,1
Shekel,0.29612081442208205,US Dollar,2012,1
Saudi Riyal,0.26658846744603915,US Dollar,781,1
Brazil Real,0.17710085844516468,US Dollar,720,1
Yuan,0.14930721351280496,US Dollar,5629,1
Mexican Peso,0.04729675374620037,US Dollar,883,1
Rupee,0.013615816130965333,US Dollar,2273,1
Ruble,0.012852809623613565,US Dollar,1921,1
Yen,0.009487666032404505,US Dollar,1995,1
