,gain
pair_seen_before,734111.7282056808
snd_in_usd_7d,469543.3380022049
payment_format,336243.96223449707
log_amt_usd,287609.3965921402
rcv_in_dcp_1d,116736.49343681335
snd_in_usd_30d,89436.64626121521
rcv_in_cnt_7d,55500.67879533768
rcv_in_usd_7d,48917.26958847046
snd_in_cnt_7d,47504.27934741974
snd_out_cnt_7d,33566.52268600464
pay_ccy,27105.826901435852
rcv_in_dcp_7d,25779.027146339417
snd_out_dcp_7d,25442.75667476654
rcv_out_usd_7d,24079.494099617004
rcv_in_usd_1d,23760.93665409088
snd_out_usd_7d,23249.324670791626
weekday,22369.281445503235
snd_out_cnt_1d,17526.644945144653
hour,15608.20706653595
recv_ccy,15584.305583000183
rcv_out_usd_1d,14158.592397212982
snd_out_usd_1d,13993.391766548157
snd_in_usd_1d,13320.711159706116
rcv_in_cnt_1d,12634.945936203003
rcv_out_cnt_7d,11953.511972427368
snd_out_dcp_1d,10157.062099933624
is_self_loop,7466.984942436218
snd_in_cnt_1d,7306.016008377075
snd_out_xc_share_1d,6700.683451652527
rcv_in_usd_30d,4786.324440956116
snd_in_cnt_30d,4192.061108589172
rcv_out_usd_30d,4117.630498886108
snd_out_usd_30d,3978.4196424484253
rcv_out_cnt_1d,3890.46483707428
snd_out_cnt_30d,3702.2090797424316
rcv_in_cnt_30d,2898.0783615112305
is_cross_ccy,2746.7517013549805
snd_out_xc_share_7d,2724.117611885071
rcv_out_cnt_30d,2355.569966316223
snd_out_dcp_30d,2066.554401397705
rcv_in_dcp_30d,1824.7056016921997
snd_out_xc_share_30d,729.6067981719971
rcv_in_xc_share_7d,711.6765685081482
rcv_in_xc_share_1d,174.97529888153076
rcv_in_xc_share_30d,115.13880062103271
is_round_amt,0.0
